{
  "armed": false,
  "mode": "suggest",
  "z_adjust_mm": -0.48,
  "flow": 1.0,
  "pa": 0.032,
  "pa_smooth": 0.03,
  "speed_factor": 1.0,
  "line_w": 0.44,
  "spacing_ratio": 1.0,
  "layer_h": 0.28,
  "base_bed_c": 65.0,
  "base_nozzle_c": 214.0,
  "ticks": 541,
  "last_apply_ts": 0.0,
  "min_apply_interval_s": 2.0,
  "bed_uniform_ema": 0.7981796915516395,
  "nozzle_track_ema": 0.5877309056424095,
  "flat_volume_ema": 0.9999999999999998,
  "moisture_risk_ema": 1.867865517281824e-05,
  "precision_belief": 0.8157703773599387,
  "alpha": 0.25
}